id,name,phone,address,created_on,note
1,Teagan E. Mckenzie123xxd,1 42 552 6853-9660,"P.O. Box 834, 6440 Dignissim. Rd.",2013/2/23,"cursus. Nunc mauris elit, dictum eu, eleifend nec, malesuada ut,"
2,Raymond O. Harmon,1 67 686 5826-1517,Ap #365-581 Quis Ave,2013/7/15,gravida molestie arcu. Sed eu nibh vulputate mauris sagittis placerat.
3,Vivian P. Patel,1 31 718 9925-4913,"P.O. Box 932, 1792 Dolor, Rd.",2012/12/27,"montes, nascetur ridiculus mus. Proin vel arcu eu odio tristique"
4,India B. Fleming,1 29 640 2377-7958,9547 Lacinia. Rd.,2012/7/29,"eget laoreet posuere, enim nisl elementum purus, accumsan interdum libero"
5,Deborah C. Todd,1 65 684 8181-2018,"P.O. Box 869, 8902 In St.",2014/1/23,"elit elit fermentum risus, at fringilla purus mauris a nunc."
6,Kitra J. Sandoval,1 45 815 8449-0958,"P.O. Box 376, 5451 Cras Road",2013/5/6,luctus lobortis. Class aptent taciti sociosqu ad litora torquent per
7,Gary D. Morton,1 87 266 9243-6017,"P.O. Box 984, 9292 Ut Avenue",2013/2/25,"Proin nisl sem, consequat nec, mollis vitae, posuere at, velit."
8,Veronica D. Larsen,1 49 264 4915-8974,Ap #193-195 Donec Ave,2012/11/1,"dui, semper et, lacinia vitae, sodales at, velit. Pellentesque ultricies"
9,Carissa D. Chen,1 71 370 6666-9586,Ap #250-8237 Erat Street,2012/7/11,"Fusce aliquam, enim nec tempus scelerisque, lorem ipsum sodales purus,"
10,Basil Z. Levine,1 72 782 1931-6544,"P.O. Box 335, 7143 Mus. St.",2013/2/27,arcu et pede. Nunc sed orci lobortis augue scelerisque mollis.
11,Rosalyn S. Mann,1 88 406 8117-8446,Ap #127-6510 Sapien. Rd.,2013/10/30,per inceptos hymenaeos. Mauris ut quam vel sapien imperdiet ornare.
12,Leonard R. Burgess,1 31 758 7344-1281,185-4245 Ipsum Rd.,2012/6/6,"enim. Nunc ut erat. Sed nunc est, mollis non, cursus"
13,Julian S. Summers,1 23 310 6712-9294,5748 Eros Ave,2014/2/6,"eu, odio. Phasellus at augue id ante dictum cursus. Nunc"
14,Yeo Z. Schmidt,1 27 648 1539-2435,"P.O. Box 442, 4857 Elit Road",2014/2/14,"Nullam velit dui, semper et, lacinia vitae, sodales at, velit."
15,Hall H. Rivas,1 89 164 2631-8072,2042 Metus. Av.,2013/5/14,"dui, nec tempus mauris erat eget ipsum. Suspendisse sagittis. Nullam"
16,Beck B. Munoz,1 62 476 8106-4954,Ap #322-3995 Interdum St.,2013/3/27,In scelerisque scelerisque dui. Suspendisse ac metus vitae velit egestas
17,Armando N. Hopkins,1 43 415 2211-9456,"1512 Non, Rd.",2014/1/26,"a, dui. Cras pellentesque. Sed dictum. Proin eget odio. Aliquam"
18,Christen R. Battle,1 66 718 2995-4298,7249 Accumsan Road,2012/9/11,"id, ante. Nunc mauris sapien, cursus in, hendrerit consectetuer, cursus"
19,Blaine A. Mooney,1 73 211 3233-9997,234 Donec Av.,2013/2/8,"Integer eu lacus. Quisque imperdiet, erat nonummy ultricies ornare, elit"
20,Jada C. Irwin,1 42 672 3339-3925,3900 Sapien. Road,2012/11/7,"ornare placerat, orci lacus vestibulum lorem, sit amet ultricies sem"
21,Brynne P. Gallagher,1 10 798 7731-8644,Ap #860-9475 Orci. Rd.,2012/4/26,"cursus, diam at pretium aliquet, metus urna convallis erat, eget"
22,Daquan W. Walton,1 70 254 8774-8817,Ap #109-9779 Dis Av.,2013/5/14,Nullam nisl. Maecenas malesuada fringilla est. Mauris eu turpis. Nulla
23,Nigel V. Hendrix,1 20 509 2299-0016,"324-5525 Aliquam, St.",2013/2/24,turpis non enim. Mauris quis turpis vitae purus gravida sagittis.
24,Anastasia Y. Oneal,1 75 574 8486-6916,"8675 Felis, Street",2013/9/26,Donec egestas. Duis ac arcu. Nunc mauris. Morbi non sapien
25,Yen M. Stevenson,1 63 695 1067-0334,611-6956 Consequat Av.,2013/5/23,"mauris ut mi. Duis risus odio, auctor vitae, aliquet nec,"
26,Claire D. Montoya,1 85 474 7731-3673,903-6609 Velit. Av.,2013/8/15,"lectus, a sollicitudin orci sem eget massa. Suspendisse eleifend. Cras"
27,Dominique W. Whitfield,1 47 294 2103-0678,Ap #456-6535 Aenean Rd.,2014/3/1,"gravida mauris ut mi. Duis risus odio, auctor vitae, aliquet"
28,Amity H. Hays,1 32 719 1489-8618,1917 Risus. Street,2012/7/1,eu dui. Cum sociis natoque penatibus et magnis dis parturient
29,Zena K. Shelton,1 89 843 5339-6613,381-9758 Cursus St.,2012/5/22,"augue ut lacus. Nulla tincidunt, neque vitae semper egestas, urna"
30,Carl O. Merritt,1 97 999 5979-7671,Ap #420-1950 Lorem Street,2012/10/9,dui nec urna suscipit nonummy. Fusce fermentum fermentum arcu. Vestibulum
31,Alden O. Gordon,1 84 114 4309-3782,"P.O. Box 460, 3463 Blandit Road",2012/9/16,in consectetuer ipsum nunc id enim. Curabitur massa. Vestibulum accumsan
32,Aristotle B. Burt,1 14 645 8494-3344,8544 A Av.,2013/7/31,"consectetuer adipiscing elit. Etiam laoreet, libero et tristique pellentesque, tellus"
33,Carson R. Medina,1 42 156 4475-5791,"P.O. Box 664, 4793 Semper Rd.",2012/8/30,"in magna. Phasellus dolor elit, pellentesque a, facilisis non, bibendum"
34,Vera V. Stafford,1 46 625 4410-8414,8328 Nibh. Rd.,2012/11/14,aliquam arcu. Aliquam ultrices iaculis odio. Nam interdum enim non
35,Kareem A. Merritt,1 78 574 1138-9856,"P.O. Box 583, 2414 Donec St.",2013/1/9,"est mauris, rhoncus id, mollis nec, cursus a, enim. Suspendisse"
36,Herman H. Moss,1 87 875 9319-0047,8406 Quis Rd.,2013/4/27,Mauris nulla. Integer urna. Vivamus molestie dapibus ligula. Aliquam erat
37,Reuben Y. Mosley,1 47 142 3569-8567,Ap #669-4251 Pede. Street,2014/2/23,"Proin non massa non ante bibendum ullamcorper. Duis cursus, diam"
38,Mara C. Holland,1 48 617 9938-3198,173-852 Semper St.,2013/5/24,ipsum. Donec sollicitudin adipiscing ligula. Aenean gravida nunc sed pede.
39,Lucian B. Phillips,1 99 753 4284-5607,Ap #828-8843 Quis Avenue,2014/1/21,dui. Cras pellentesque. Sed dictum. Proin eget odio. Aliquam vulputate
40,Venus Y. Rowe,1 49 440 7077-9745,Ap #899-2694 Nisi. Av.,2012/8/13,tincidunt tempus risus. Donec egestas. Duis ac arcu. Nunc mauris.
41,Lee A. Finley,1 12 781 8797-0915,Ap #766-6479 Mi. Av.,2012/7/20,"mattis semper, dui lectus rutrum urna, nec luctus felis purus"
42,Jamal A. Caldwell,1 59 742 1050-0778,Ap #910-4129 Non Rd.,2014/2/16,commodo auctor velit. Aliquam nisl. Nulla eu neque pellentesque massa
43,Sage F. Mccormick,1 84 751 3922-5299,9349 Laoreet St.,2014/3/7,"vitae, orci. Phasellus dapibus quam quis diam. Pellentesque habitant morbi"
44,Aladdin V. Perkins,1 86 445 8134-3190,746-2672 Condimentum. St.,2013/6/15,dignissim tempor arcu. Vestibulum ut eros non enim commodo hendrerit.
45,Dennis O. Hyde,1 38 628 6254-1295,Ap #239-2014 Metus Ave,2012/6/9,"egestas. Aliquam nec enim. Nunc ut erat. Sed nunc est,"
46,Garrett E. Brady,1 11 573 1086-2724,Ap #181-3487 Nunc Av.,2012/12/6,ac turpis egestas. Aliquam fringilla cursus purus. Nullam scelerisque neque
47,Emerald L. Dudley,1 10 222 3534-6494,655-7107 Dolor St.,2013/5/29,pretium neque. Morbi quis urna. Nunc quis arcu vel quam
48,Garrett F. Walls,1 98 991 8242-3445,"P.O. Box 934, 1840 Elit Ave",2012/12/26,et ultrices posuere cubilia Curae; Donec tincidunt. Donec vitae erat
49,Gannon D. Castillo,1 22 679 3085-9649,"P.O. Box 310, 5200 Ipsum Street",2014/2/22,malesuada. Integer id magna et ipsum cursus vestibulum. Mauris magna.
50,Mason D. Ward,1 36 328 9590-6264,996-4676 Sagittis Avenue,2012/5/26,eu tellus eu augue porttitor interdum. Sed auctor odio a
51,Michael K. Vance,1 51 676 2363-6258,187-5982 Ullamcorper Rd.,2012/8/28,Integer tincidunt aliquam arcu. Aliquam ultrices iaculis odio. Nam interdum
52,Emma M. Emerson,1 42 946 4068-5743,Ap #220-9396 Mattis Rd.,2014/1/22,volutpat. Nulla dignissim. Maecenas ornare egestas ligula. Nullam feugiat placerat
53,Iliana G. Jefferson,1 59 665 7982-3017,"3675 Dui, Rd.",2013/1/9,diam vel arcu. Curabitur ut odio vel est tempor bibendum.
54,Jolie X. Casey,1 86 557 5929-1798,Ap #385-3023 Ornare Rd.,2014/3/14,"tristique pellentesque, tellus sem mollis dui, in sodales elit erat"
55,Mufutau Z. Gould,1 51 634 1869-6242,"P.O. Box 326, 8533 Sed Avenue",2012/10/10,"Nunc lectus pede, ultrices a, auctor non, feugiat nec, diam."
56,Zephania D. Raymond,1 42 765 5384-8902,"P.O. Box 160, 714 Non, St.",2012/12/18,metus facilisis lorem tristique aliquet. Phasellus fermentum convallis ligula. Donec
57,Gage Z. Landry,1 44 262 4605-0226,"P.O. Box 681, 2746 Ligula Av.",2013/7/20,"lectus ante dictum mi, ac mattis velit justo nec ante."
58,Madeson E. Graham,1 14 315 1400-8414,"P.O. Box 842, 1685 Adipiscing Rd.",2012/9/22,ante. Vivamus non lorem vitae odio sagittis semper. Nam tempor
59,Ayanna V. Hopper,1 82 954 8189-1323,9528 Eget Street,2014/1/21,luctus lobortis. Class aptent taciti sociosqu ad litora torquent per
60,Melvin K. Huber,1 22 920 2415-2081,6502 Cum Street,2013/5/10,"ipsum leo elementum sem, vitae aliquam eros turpis non enim."
61,Wanda M. Simon,1 21 449 3667-0800,"P.O. Box 547, 2307 Nibh. St.",2013/12/16,"Quisque imperdiet, erat nonummy ultricies ornare, elit elit fermentum risus,"
62,Olympia Q. Dejesus,1 87 983 1725-9493,"P.O. Box 163, 346 Vehicula Street",2012/10/19,turpis vitae purus gravida sagittis. Duis gravida. Praesent eu nulla
63,Sylvester G. Barlow,1 91 543 3258-0388,Ap #955-4304 Neque. Av.,2014/2/4,"ante. Nunc mauris sapien, cursus in, hendrerit consectetuer, cursus et,"
64,Haley Y. Gonzalez,1 85 186 2764-7781,711-202 Dictum. St.,2012/9/25,"faucibus ut, nulla. Cras eu tellus eu augue porttitor interdum."
65,Zephr I. Sampson,1 76 961 5045-8056,"408-1425 Montes, Ave",2013/8/5,"mauris, rhoncus id, mollis nec, cursus a, enim. Suspendisse aliquet,"
66,Brendan I. Adams,1 31 791 2995-6642,276-5307 Dui. St.,2013/6/21,Proin eget odio. Aliquam vulputate ullamcorper magna. Sed eu eros.
67,Deborah U. Bennett,1 97 229 4396-6045,234-946 Mauris Rd.,2012/8/27,"Phasellus libero mauris, aliquam eu, accumsan sed, facilisis vitae, orci."
68,Rashad I. Lyons,1 55 670 7915-9971,Ap #789-7692 Et St.,2013/2/25,auctor. Mauris vel turpis. Aliquam adipiscing lobortis risus. In mi
69,Roth T. Clay,1 17 218 3935-4911,"P.O. Box 294, 4096 Quis Av.",2012/5/21,ac turpis egestas. Fusce aliquet magna a neque. Nullam ut
70,Calvin G. Calhoun,1 12 879 1517-5997,Ap #248-7106 Metus St.,2013/12/3,"libero est, congue a, aliquet vel, vulputate eu, odio. Phasellus"
71,Brody J. Stanley,1 27 541 6528-5563,6512 Felis. Ave,2013/8/29,"odio vel est tempor bibendum. Donec felis orci, adipiscing non,"
72,Julie J. Mason,1 33 594 3161-4880,Ap #804-3191 Ipsum St.,2013/12/22,"Donec felis orci, adipiscing non, luctus sit amet, faucibus ut,"
73,Garrett C. Sargent,1 63 859 3056-3812,985-5095 Vivamus Road,2013/4/7,"Curabitur consequat, lectus sit amet luctus vulputate, nisi sem semper"
74,Richard X. Guerrero,1 13 587 9150-8883,"375-7202 Amet, St.",2013/12/4,"sem mollis dui, in sodales elit erat vitae risus. Duis"
75,Carlos C. Spencer,1 52 557 4313-3581,774-8838 Faucibus Av.,2013/6/26,eu eros. Nam consequat dolor vitae dolor. Donec fringilla. Donec
76,Laurel N. Ratliff,1 48 965 7848-3738,"P.O. Box 636, 859 Est, Ave",2012/9/28,tellus. Aenean egestas hendrerit neque. In ornare sagittis felis. Donec
77,Brenna Q. Vance,1 47 906 1635-0257,Ap #310-1663 In Street,2012/9/5,"mi tempor lorem, eget mollis lectus pede et risus. Quisque"
78,Vernon T. Koch,1 42 993 4120-4995,"P.O. Box 958, 5578 Orci Avenue",2013/10/16,egestas. Duis ac arcu. Nunc mauris. Morbi non sapien molestie
79,Castor Z. Bowers,1 93 515 4101-5305,Ap #943-4389 Vel Road,2013/8/17,"erat. Sed nunc est, mollis non, cursus non, egestas a,"
80,Urielle R. Hale,1 53 949 2601-6478,226 Dui. St.,2014/1/30,vehicula. Pellentesque tincidunt tempus risus. Donec egestas. Duis ac arcu.
81,Jenette I. Gilmore,1 90 769 2785-4393,563-8558 Nunc Av.,2012/11/28,"orci lacus vestibulum lorem, sit amet ultricies sem magna nec"
82,Brianna J. Duncan,1 92 582 7350-3589,Ap #469-5736 Mauris St.,2014/1/21,"id, mollis nec, cursus a, enim. Suspendisse aliquet, sem ut"
83,Rinah L. Kelly,1 73 911 6349-2641,494-3518 Suspendisse Street,2013/5/18,"pharetra, felis eget varius ultrices, mauris ipsum porta elit, a"
84,Aimee V. Cline,1 51 597 7721-4516,2411 Elit. Ave,2013/2/28,pharetra. Nam ac nulla. In tincidunt congue turpis. In condimentum.
85,Clark F. Sweeney,1 37 582 8629-4710,Ap #548-2161 Posuere Avenue,2012/12/4,non quam. Pellentesque habitant morbi tristique senectus et netus et
86,Vladimir Y. Rush,1 65 758 4776-0408,Ap #906-8640 Natoque Av.,2013/2/28,arcu. Sed et libero. Proin mi. Aliquam gravida mauris ut
87,Melyssa Z. Bass,1 49 782 5804-4519,Ap #218-1581 Pellentesque Rd.,2013/2/18,"vulputate dui, nec tempus mauris erat eget ipsum. Suspendisse sagittis."
88,Lois Q. Cunningham,1 30 219 2890-2971,2215 Mi Street,2013/8/14,aliquet. Phasellus fermentum convallis ligula. Donec luctus aliquet odio. Etiam
89,Heidi Y. Sanders,1 42 503 6798-4295,"Ap #352-8766 Orci, Av.",2013/2/17,"Etiam ligula tortor, dictum eu, placerat eget, venenatis a, magna."
90,Kato O. Stephens,1 60 862 6015-3304,"P.O. Box 703, 4810 Aliquet Rd.",2013/12/31,"dolor dolor, tempus non, lacinia at, iaculis quis, pede. Praesent"
91,Urielle F. Haynes,1 42 961 7102-8104,Ap #546-2445 Turpis. Ave,2014/2/4,"enim mi tempor lorem, eget mollis lectus pede et risus."
92,Sarah I. Duffy,1 58 523 2173-4021,304-1751 Aliquam Avenue,2013/12/4,odio. Aliquam vulputate ullamcorper magna. Sed eu eros. Nam consequat
93,Francis P. Dickerson,1 79 121 9042-5387,4596 Dignissim Avenue,2013/10/24,"consectetuer rhoncus. Nullam velit dui, semper et, lacinia vitae, sodales"
94,Herrod P. Kirby,1 57 589 7929-5985,Ap #330-4796 In St.,2012/8/2,"sagittis augue, eu tempor erat neque non quam. Pellentesque habitant"
95,September Q. Rollins,1 64 659 9945-4112,"P.O. Box 389, 7987 Pellentesque Av.",2013/8/9,turpis. In condimentum. Donec at arcu. Vestibulum ante ipsum primis
96,Erin I. Odonnell,1 57 872 7693-2497,Ap #845-5352 Lacus. Avenue,2013/7/8,Curabitur dictum. Phasellus in felis. Nulla tempor augue ac ipsum.
97,Wyatt M. Mullen,1 14 732 4697-1769,Ap #927-7144 Dolor Road,2013/11/11,mauris erat eget ipsum. Suspendisse sagittis. Nullam vitae diam. Proin
98,Heather N. Patel,1 86 361 4589-6369,Ap #646-7498 Cras St.,2013/10/12,"auctor, nunc nulla vulputate dui, nec tempus mauris erat eget"
99,Felicia R. Graves,1 36 214 9514-3779,Ap #845-1026 Neque St.,2013/2/22,"aliquet, sem ut cursus luctus, ipsum leo elementum sem, vitae"
100,Catherine C. Owens,1 87 744 4781-9531,Ap #128-7710 Ac Street,2012/8/9,"purus sapien, gravida non, sollicitudin a, malesuada id, erat. Etiam"
101,Rogan Z. Knox,1 86 567 6747-5140,Ap #522-239 Magna. Avenue,2012/6/15,Nunc quis arcu vel quam dignissim pharetra. Nam ac nulla.
102,Yoshi V. Gay,1 96 593 5785-5501,"8499 Ac, Ave",2013/3/7,"auctor odio a purus. Duis elementum, dui quis accumsan convallis,"
103,Kevin X. Barrera,1 66 831 8011-8073,7146 Ut St.,2012/12/26,tincidunt vehicula risus. Nulla eget metus eu erat semper rutrum.
104,Ima P. Dominguez,1 53 913 8688-5453,"P.O. Box 793, 8674 Sed Ave",2013/4/21,sit amet ornare lectus justo eu arcu. Morbi sit amet
105,Mannix B. Trevino,1 18 295 3388-8289,Ap #506-5296 Ut Rd.,2012/7/7,Cras pellentesque. Sed dictum. Proin eget odio. Aliquam vulputate ullamcorper
106,Tanya L. Bowers,1 68 646 8059-0419,892-2261 Sed Road,2014/1/21,"ante dictum cursus. Nunc mauris elit, dictum eu, eleifend nec,"
107,Blaze D. Barry,1 76 712 8032-6180,"P.O. Box 446, 6984 Mattis. Ave",2013/6/5,"malesuada ut, sem. Nulla interdum. Curabitur dictum. Phasellus in felis."
108,Shaeleigh E. Shaw,1 92 574 7848-5166,Ap #736-7590 Aliquet. Rd.,2012/10/3,"tristique ac, eleifend vitae, erat. Vivamus nisi. Mauris nulla. Integer"
109,Samuel L. Mitchell,1 63 600 7899-7145,124-747 Eget St.,2013/8/12,"sed, hendrerit a, arcu. Sed et libero. Proin mi. Aliquam"
110,Christine Q. Ochoa,1 61 439 7151-7977,Ap #924-4241 Dui Rd.,2013/3/16,neque. Nullam nisl. Maecenas malesuada fringilla est. Mauris eu turpis.
111,Amela X. Talley,1 60 361 3889-4937,4170 Phasellus St.,2012/4/13,euismod mauris eu elit. Nulla facilisi. Sed neque. Sed eget
112,Lucy Y. Garrison,1 43 402 8427-3886,"3455 At, Avenue",2012/11/21,"Quisque imperdiet, erat nonummy ultricies ornare, elit elit fermentum risus,"
113,Taylor U. Reeves,1 24 623 1494-4378,Ap #785-2732 Ultricies Avenue,2014/2/22,"orci, adipiscing non, luctus sit amet, faucibus ut, nulla. Cras"
114,Beatrice H. Casey,1 76 370 1678-8250,Ap #555-9805 Ut Rd.,2012/7/13,"justo nec ante. Maecenas mi felis, adipiscing fringilla, porttitor vulputate,"
115,Samuel U. Paul,1 26 599 9012-7744,"P.O. Box 593, 3753 Sit Rd.",2012/11/21,enim. Curabitur massa. Vestibulum accumsan neque et nunc. Quisque ornare
116,Rebecca Z. Stevenson,1 44 584 4612-8878,8962 Libero Rd.,2012/10/23,"metus. In lorem. Donec elementum, lorem ut aliquam iaculis, lacus"
117,Malik H. Noble,1 24 820 2170-1156,"P.O. Box 738, 1098 Quisque Avenue",2013/12/9,Duis ac arcu. Nunc mauris. Morbi non sapien molestie orci
118,Leah Z. Wall,1 47 626 5827-0752,"585-8320 Congue, Ave",2013/3/20,"tempus scelerisque, lorem ipsum sodales purus, in molestie tortor nibh"
119,Nash C. Gonzalez,1 73 244 4934-3006,Ap #971-2485 Parturient Rd.,2014/2/2,"amet, risus. Donec nibh enim, gravida sit amet, dapibus id,"
120,Noelani T. Santana,1 55 194 6676-3088,8149 Lorem Street,2014/3/27,bibendum fermentum metus. Aenean sed pede nec ante blandit viverra.
121,Christine S. Stevenson,1 85 235 4822-5686,"P.O. Box 443, 9870 Massa Street",2012/9/5,"Curabitur consequat, lectus sit amet luctus vulputate, nisi sem semper"
122,Rafael S. Beach,1 65 933 6523-4747,"Ap #578-1606 Enim, Avenue",2013/4/25,"pede, nonummy ut, molestie in, tempus eu, ligula. Aenean euismod"
123,Cynthia W. Wilcox,1 91 231 1027-6770,Ap #380-6378 Donec Street,2012/5/31,ac turpis egestas. Fusce aliquet magna a neque. Nullam ut
124,Avram V. Butler,1 40 591 6115-0363,"798-4589 Ante, Ave",2013/1/31,"egestas. Aliquam nec enim. Nunc ut erat. Sed nunc est,"
125,Kelsie E. Castro,1 64 891 8027-4213,676-3654 Amet Av.,2013/8/30,"rutrum eu, ultrices sit amet, risus. Donec nibh enim, gravida"
126,Zorita W. Baldwin,1 57 331 4835-4834,"272-9322 Non, Street",2013/1/19,"Nam nulla magna, malesuada vel, convallis in, cursus et, eros."
127,Jennifer E. Bowman,1 99 652 2520-1034,616-2766 Arcu. Ave,2012/5/17,"dictum eu, placerat eget, venenatis a, magna. Lorem ipsum dolor"
128,Hiroko F. Miller,1 48 757 5087-9735,"P.O. Box 404, 5012 Sed, Rd.",2013/1/5,"ornare, libero at auctor ullamcorper, nisl arcu iaculis enim, sit"
129,Hadassah T. Rutledge,1 65 117 8540-9264,939-9531 Orci. Street,2013/6/24,"aliquam, enim nec tempus scelerisque, lorem ipsum sodales purus, in"
130,Noelle B. Foster,1 77 202 5402-0622,8137 Sed St.,2012/11/22,"nec enim. Nunc ut erat. Sed nunc est, mollis non,"
131,Orlando U. Bond,1 21 170 9172-2504,1079 Cras Road,2012/5/8,"accumsan convallis, ante lectus convallis est, vitae sodales nisi magna"
132,Brooke B. Castro,1 43 541 3593-3153,112-3686 Aliquam Rd.,2013/6/13,magna nec quam. Curabitur vel lectus. Cum sociis natoque penatibus
133,Dahlia T. Townsend,1 65 256 6676-0115,"P.O. Box 363, 7867 Vivamus Road",2013/3/6,"nec tempus scelerisque, lorem ipsum sodales purus, in molestie tortor"
134,Iliana W. Fisher,1 38 322 9516-1686,190-792 Nunc Road,2012/7/10,Cras eu tellus eu augue porttitor interdum. Sed auctor odio
135,Eagan Z. Cotton,1 66 194 6364-6579,932-3369 Sodales Rd.,2012/9/24,dictum augue malesuada malesuada. Integer id magna et ipsum cursus
136,Levi G. Carr,1 95 606 1280-9418,"P.O. Box 604, 2071 Malesuada Ave",2012/11/27,"Nulla facilisis. Suspendisse commodo tincidunt nibh. Phasellus nulla. Integer vulputate,"
137,Brianna U. Townsend,1 95 288 7400-3563,Ap #124-8251 Semper Ave,2012/10/25,nisi dictum augue malesuada malesuada. Integer id magna et ipsum
138,Jescie L. Aguilar,1 47 799 6083-9457,"P.O. Box 368, 3198 Donec Street",2013/9/28,arcu. Vestibulum ut eros non enim commodo hendrerit. Donec porttitor
139,Stella X. White,1 17 505 1555-9228,"1222 Eget, Av.",2013/4/4,"Donec est mauris, rhoncus id, mollis nec, cursus a, enim."
140,Rhiannon R. Lang,1 67 980 3392-3098,7109 Semper. Rd.,2012/4/15,Cras convallis convallis dolor. Quisque tincidunt pede ac urna. Ut
141,Jarrod I. Miller,1 74 643 7601-2692,Ap #912-640 Sit St.,2012/6/4,erat neque non quam. Pellentesque habitant morbi tristique senectus et
142,Claudia V. Boyd,1 12 399 3456-1026,"P.O. Box 465, 1052 Pede, Avenue",2013/3/22,"at, nisi. Cum sociis natoque penatibus et magnis dis parturient"
143,Belle U. Boyle,1 61 452 3730-7537,"P.O. Box 128, 3390 Molestie Ave",2012/4/7,"a, auctor non, feugiat nec, diam. Duis mi enim, condimentum"
144,Alma X. Lucas,1 44 275 6864-4889,Ap #436-1351 Orci St.,2014/3/5,"vel est tempor bibendum. Donec felis orci, adipiscing non, luctus"
145,Ulysses E. Jones,1 41 444 7405-8475,696-8222 Ut Road,2012/12/17,purus. Nullam scelerisque neque sed sem egestas blandit. Nam nulla
146,Jeremy V. Nelson,1 57 588 9831-2546,"P.O. Box 151, 7509 Et St.",2012/7/2,"sem semper erat, in consectetuer ipsum nunc id enim. Curabitur"
147,Kibo M. Ingram,1 68 826 7735-2001,2751 Gravida. St.,2014/3/23,enim. Mauris quis turpis vitae purus gravida sagittis. Duis gravida.
148,Castor Q. Robertson,1 87 898 6830-2981,9321 Sed Rd.,2012/5/17,"egestas. Sed pharetra, felis eget varius ultrices, mauris ipsum porta"
149,Ivory W. Church,1 53 852 1648-3261,Ap #992-8873 Congue Rd.,2012/9/18,In scelerisque scelerisque dui. Suspendisse ac metus vitae velit egestas
150,Dustin P. Solomon,1 40 230 9718-2468,Ap #292-5537 Lorem Ave,2012/4/16,ultrices. Duis volutpat nunc sit amet metus. Aliquam erat volutpat.
151,Jelani A. Compton,1 66 765 5940-3526,716-9709 Sit St.,2012/6/11,"vulputate dui, nec tempus mauris erat eget ipsum. Suspendisse sagittis."
152,Chancellor P. Mcintosh,1 92 218 9600-2779,7201 Aliquam Street,2012/7/8,"et, lacinia vitae, sodales at, velit. Pellentesque ultricies dignissim lacus."
153,Catherine O. Dalton,1 87 734 7052-6557,3366 Nunc Road,2014/1/7,"vel est tempor bibendum. Donec felis orci, adipiscing non, luctus"
154,Regan E. Mclaughlin,1 65 583 2153-7314,"P.O. Box 766, 1236 Nec Rd.",2014/2/6,"lacinia vitae, sodales at, velit. Pellentesque ultricies dignissim lacus. Aliquam"
155,Herman X. Moss,1 23 396 7729-3731,670-9279 Lorem Rd.,2013/6/10,"dolor sit amet, consectetuer adipiscing elit. Curabitur sed tortor. Integer"
156,Zeph K. Barr,1 65 546 8837-9609,Ap #679-7385 Viverra. Av.,2014/3/25,"Fusce feugiat. Lorem ipsum dolor sit amet, consectetuer adipiscing elit."
157,Irene C. Brown,1 66 425 4168-8132,"P.O. Box 272, 8899 Blandit. St.",2014/2/4,orci. Phasellus dapibus quam quis diam. Pellentesque habitant morbi tristique
158,Stephen Z. Watkins,1 37 785 7367-8210,497-4001 Mauris Rd.,2014/1/19,"rhoncus id, mollis nec, cursus a, enim. Suspendisse aliquet, sem"
159,Macy K. Padilla,1 58 567 5565-7426,"5577 Dolor, Av.",2013/6/22,lacus. Etiam bibendum fermentum metus. Aenean sed pede nec ante
160,Shelly V. Salas,1 96 420 8365-7132,4016 Malesuada St.,2012/5/5,Nulla semper tellus id nunc interdum feugiat. Sed nec metus
161,Fiona F. Clark,1 58 248 7065-9513,"P.O. Box 261, 9224 Sem. Street",2014/3/23,bibendum fermentum metus. Aenean sed pede nec ante blandit viverra.
162,Wanda A. Brennan,1 29 193 8350-8322,828-4603 Aliquam Avenue,2012/9/27,suscipit nonummy. Fusce fermentum fermentum arcu. Vestibulum ante ipsum primis
163,Hollee O. Mclaughlin,1 38 747 4383-5745,"6659 A, Road",2013/10/7,"in magna. Phasellus dolor elit, pellentesque a, facilisis non, bibendum"
164,Miriam Q. Alston,1 91 629 1436-0647,"P.O. Box 429, 903 Duis Street",2013/6/23,enim diam vel arcu. Curabitur ut odio vel est tempor
165,Tyler X. Strickland,1 50 326 7963-8891,Ap #296-6179 Lorem Avenue,2012/4/4,Etiam imperdiet dictum magna. Ut tincidunt orci quis lectus. Nullam
166,Sade H. Bradley,1 83 424 8127-5398,6973 Elementum Rd.,2012/12/22,"nec, leo. Morbi neque tellus, imperdiet non, vestibulum nec, euismod"
167,Nomlanga X. Maddox,1 83 846 5045-3286,640-5934 Lobortis Street,2013/1/13,Sed neque. Sed eget lacus. Mauris non dui nec urna
168,Cassidy F. Thornton,1 18 885 8517-4558,"5910 Sem, St.",2013/10/4,Praesent eu dui. Cum sociis natoque penatibus et magnis dis
169,Charde O. Sparks,1 83 839 4513-7126,619-9642 Elit. Av.,2012/9/3,"mauris elit, dictum eu, eleifend nec, malesuada ut, sem. Nulla"
170,Zenia U. Kirk,1 86 862 5810-7481,Ap #551-6485 Neque. Street,2012/3/29,molestie tellus. Aenean egestas hendrerit neque. In ornare sagittis felis.
171,Martha C. Stephenson,1 66 626 7215-0837,Ap #238-8886 Phasellus Av.,2013/12/5,ornare egestas ligula. Nullam feugiat placerat velit. Quisque varius. Nam
172,Lilah N. Richard,1 90 247 7158-7230,"P.O. Box 189, 6361 Commodo St.",2013/1/18,"ornare, libero at auctor ullamcorper, nisl arcu iaculis enim, sit"
173,Tobias B. York,1 98 717 1755-7571,907-2884 Quisque Rd.,2013/3/1,Sed eu eros. Nam consequat dolor vitae dolor. Donec fringilla.
174,Charde D. Mueller,1 27 424 6137-0232,4966 Sit Road,2012/4/11,"Morbi neque tellus, imperdiet non, vestibulum nec, euismod in, dolor."
175,Malik T. Black,1 83 312 5241-4597,946-7284 Ultricies Street,2013/11/4,"nec, cursus a, enim. Suspendisse aliquet, sem ut cursus luctus,"
176,Alvin N. William,1 39 914 9856-6997,"P.O. Box 666, 5803 Vulputate Road",2013/12/14,nibh sit amet orci. Ut sagittis lobortis mauris. Suspendisse aliquet
177,Cody G. Klein,1 18 795 8953-2424,"P.O. Box 526, 9001 Non, St.",2013/7/9,"mollis lectus pede et risus. Quisque libero lacus, varius et,"
178,Haley R. Rutledge,1 52 717 3334-4113,306-3999 Rhoncus. St.,2013/6/16,tellus justo sit amet nulla. Donec non justo. Proin non
179,Olga B. Ortega,1 79 318 2568-0862,Ap #939-3791 Donec Av.,2012/7/13,"Fusce dolor quam, elementum at, egestas a, scelerisque sed, sapien."
180,Arsenio K. Mathews,1 76 790 4764-3665,"P.O. Box 125, 7508 Sed Av.",2012/4/6,feugiat metus sit amet ante. Vivamus non lorem vitae odio
181,Slade J. Hampton,1 52 146 1414-2812,5027 Ultricies Rd.,2013/11/25,"gravida mauris ut mi. Duis risus odio, auctor vitae, aliquet"
182,Giselle R. Bridges,1 95 595 3046-4894,838-7603 Natoque Rd.,2012/12/16,"dapibus gravida. Aliquam tincidunt, nunc ac mattis ornare, lectus ante"
183,Aurelia D. Marquez,1 33 728 6693-5484,Ap #482-8616 Erat. St.,2012/10/19,"Duis at lacus. Quisque purus sapien, gravida non, sollicitudin a,"
184,Flavia L. Rosales,1 63 941 8569-8061,8772 Curabitur Road,2013/11/29,Nunc commodo auctor velit. Aliquam nisl. Nulla eu neque pellentesque
185,Hadassah O. Gould,1 83 748 6414-9778,Ap #809-5557 Nisl Av.,2013/3/15,Nam ac nulla. In tincidunt congue turpis. In condimentum. Donec
186,Melodie K. Mcgee,1 85 763 5070-8173,462 Et Road,2012/7/9,pede. Cras vulputate velit eu sem. Pellentesque ut ipsum ac
187,Natalie P. Salinas,1 50 528 1956-4311,Ap #129-2329 Sit Rd.,2012/7/23,"Cum sociis natoque penatibus et magnis dis parturient montes, nascetur"
188,Veda L. Gibson,1 32 802 6702-2175,Ap #538-3364 Dolor. Ave,2012/12/3,"ac, feugiat non, lobortis quis, pede. Suspendisse dui. Fusce diam"
189,Sage D. Hoover,1 89 781 4748-0761,1314 Tincidunt Street,2013/10/7,Mauris magna. Duis dignissim tempor arcu. Vestibulum ut eros non
190,Brynne H. Emerson,1 72 927 3157-3360,140-3538 Augue. Av.,2012/5/16,"consequat nec, mollis vitae, posuere at, velit. Cras lorem lorem,"
191,Bertha X. Boyd,1 21 202 8150-8701,156-1673 Purus Road,2012/8/16,"dis parturient montes, nascetur ridiculus mus. Aenean eget magna. Suspendisse"
192,Jaden S. Solis,1 77 270 4812-0241,112-3550 Ultrices Street,2014/2/22,"Mauris vel turpis. Aliquam adipiscing lobortis risus. In mi pede,"
193,Quyn I. Hensley,1 38 739 3780-4512,"P.O. Box 766, 7958 Imperdiet Rd.",2013/6/24,"enim consequat purus. Maecenas libero est, congue a, aliquet vel,"
194,Adam H. Fisher,1 55 659 8331-5189,Ap #922-1525 Arcu. St.,2013/10/16,felis. Nulla tempor augue ac ipsum. Phasellus vitae mauris sit
195,Isaiah L. Fitzpatrick,1 18 576 7780-2458,"P.O. Box 751, 5377 Malesuada Road",2013/11/30,"lobortis ultrices. Vivamus rhoncus. Donec est. Nunc ullamcorper, velit in"
196,Sigourney P. Gilbert,1 94 386 5389-3741,"2159 Enim, St.",2013/1/28,sem. Nulla interdum. Curabitur dictum. Phasellus in felis. Nulla tempor
197,Colby U. Norton,1 10 217 7860-4657,"P.O. Box 807, 308 Ipsum St.",2013/6/22,"vulputate eu, odio. Phasellus at augue id ante dictum cursus."
198,Brynne Q. Pitts,1 30 812 1398-4995,492-7610 Elit. Ave,2013/8/24,tortor at risus. Nunc ac sem ut dolor dapibus gravida.
199,Amal R. Everett,1 53 924 1417-6158,"435-4080 Orci, Rd.",2012/6/7,nisl. Nulla eu neque pellentesque massa lobortis ultrices. Vivamus rhoncus.
200,Griffith H. Harper,1 20 758 6613-1524,1051 Nonummy Road,2012/10/29,consequat dolor vitae dolor. Donec fringilla. Donec feugiat metus sit
